Flowable,Unit
adhesives,kg
animal feed,kg
apparel,kg
aseptic cartons,kg
automotive upholstery,kg
bags,kg
batteries,kg
books,kg
bottles,kg
bricks,kg
briquettes,kg
brown waste,kg
cans,kg
carpets,kg
clay additive,kg
coatings,kg
containers,kg
dinnerware,kg
drywall,kg
durable goods,kg
electronics,kg
fiberboard,kg
fill,kg
film,kg
flooring,kg
food,kg
food additive,kg
footware,kg
furniture,kg
green waste,kg
insulators,kg
lard,kg
linens,kg
lumber,kg
magazines,kg
manure,kg
medical goods,kg
newspapers,kg
nondurable goods,kg
packaging,kg
pallets,kg
particleboard,kg
pavement,kg
pellets,kg
pipes,kg
plaster,kg
plywood,kg
pottery,kg
roofing,kg
rugs,kg
sawdust,kg
sheet,kg
soil amendment,kg
stonework,kg
tallow,kg
tires,kg
trimmings,kg
vegetable oil,kg
veneer,kg
windows,kg
wire,kg
structural components,kg
mulch,kg
